molecule_chembl_id,smiles,IC50_nM,pIC50,units,gene_symbol,uniprot_accession,chembl_target_id,protein_name
CHEMBL000300,COc1cc2ncnc(Nc3ccc(F)c(Cl)c3)c2cc1OCCCN1CCOCC1,2776.4670025448722,5.556507483616891,nM,PPP2R5A,Q13362,CHEMBL4860,PPP2R5A kinase
CHEMBL000301,COc1cc2c(Nc3cccc(Br)c3)ncnc2cc1OCC,1097.1640281488433,5.959728439704546,nM,PPP2R5A,Q13362,CHEMBL4860,PPP2R5A kinase
CHEMBL000302,CN(C)c1cc2c(Nc3cccc(Br)c3)ncnc2cn1,11.996639053900818,7.920940407684893,nM,PPP2R5A,Q13362,CHEMBL4860,PPP2R5A kinase
CHEMBL000303,Brc1cccc(Nc2ncnc3cc4ccccc4cc23)c1,19.250614705862436,7.715555398150197,nM,PPP2R5A,Q13362,CHEMBL4860,PPP2R5A kinase
CHEMBL000304,CCOc1cc2ncnc(Nc3ccc(F)c(Cl)c3)c2cc1OCC,170.35402175586051,6.768647609053778,nM,PPP2R5A,Q13362,CHEMBL4860,PPP2R5A kinase
CHEMBL000305,Cc1cnc(Nc2cc(C(F)(F)F)cc(C3(N)CC3)c2)nc1,105.6839227730704,6.975991074963173,nM,PPP2R5A,Q13362,CHEMBL4860,PPP2R5A kinase
CHEMBL000306,O=C(Nc1ccc2c(c1)OCCO2)c1ccc(Cl)cc1,1.920890710645811,8.716497343682637,nM,PPP2R5A,Q13362,CHEMBL4860,PPP2R5A kinase
CHEMBL000307,CS(=O)(=O)c1ccc(-c2nc3ccccc3s2)cc1,1222.8046547596564,5.912642916746255,nM,PPP2R5A,Q13362,CHEMBL4860,PPP2R5A kinase
CHEMBL000308,CC1CCN(c2nc(Nc3ccc(F)c(Cl)c3)c3ncnc(N4CC4)c3n2)CC1,23.952669838119423,7.620646071755057,nM,PPP2R5A,Q13362,CHEMBL4860,PPP2R5A kinase
CHEMBL000309,c1ccc2c(c1)nc(Nc1ccc(F)c(Cl)c1)nc2N1CCCC1,318.6316985242446,6.496711021349158,nM,PPP2R5A,Q13362,CHEMBL4860,PPP2R5A kinase
CHEMBL000310,CC(=O)Nc1ccc(-c2ccc3ncnc(Nc4cccc(Br)c4)c3c2)cc1,336.1412454354571,6.47347819515917,nM,PPP2R5A,Q13362,CHEMBL4860,PPP2R5A kinase
CHEMBL000311,Brc1cccc(Nc2ncnc3cc4[nH]cnc4cc23)c1,3.563155058343744,8.448165277980785,nM,PPP2R5A,Q13362,CHEMBL4860,PPP2R5A kinase
CHEMBL000312,CNc1cc2c(Nc3cccc(Br)c3)ncnc2cn1,9.159578236234614,8.038124523482045,nM,PPP2R5A,Q13362,CHEMBL4860,PPP2R5A kinase
CHEMBL000313,O=C(c1ccc(Cl)cc1)N1CCN(c2ncnc3ccccc23)CC1,9.544112414648511,8.020264454000957,nM,PPP2R5A,Q13362,CHEMBL4860,PPP2R5A kinase
CHEMBL000314,Cc1ccc(-c2cc(NC(=O)c3ccc(CN4CCN(C)CC4)cc3)c(C)n2-c2ccc(F)cc2)cc1,1.7449451870477553,8.758218210731494,nM,PPP2R5A,Q13362,CHEMBL4860,PPP2R5A kinase
CHEMBL000315,COc1ccc(Nc2ncc3cc(-c4ccc(F)cc4)cc(=O)n3n2)cc1,147.3988983177776,6.831505762449138,nM,PPP2R5A,Q13362,CHEMBL4860,PPP2R5A kinase
CHEMBL000316,O=C(/C=C/c1ccc(O)cc1)Nc1ccccc1,15.033861433635481,7.822929456942446,nM,PPP2R5A,Q13362,CHEMBL4860,PPP2R5A kinase
CHEMBL000317,Cc1ccc(S(=O)(=O)Nc2cccc(C(F)(F)F)c2)cc1,462.8072299842243,6.334599865109816,nM,PPP2R5A,Q13362,CHEMBL4860,PPP2R5A kinase
CHEMBL000318,CC(Nc1nc2ccccc2s1)c1ccccc1,51.73095205990307,7.286249528732663,nM,PPP2R5A,Q13362,CHEMBL4860,PPP2R5A kinase
CHEMBL000319,N#Cc1ccc(NC(=O)c2cc3cc(Cl)ccc3[nH]2)cc1,248.43603053475948,6.604785418448473,nM,PPP2R5A,Q13362,CHEMBL4860,PPP2R5A kinase
CHEMBL000320,COc1cc2ncnc(Nc3ccc(F)c(Cl)c3)c2cc1OCCCN1CCOCC1,113.37206380039036,6.945493947489077,nM,PPP2R5A,Q13362,CHEMBL4860,PPP2R5A kinase
CHEMBL000321,COc1cc2c(Nc3cccc(Br)c3)ncnc2cc1OCC,20.28917844626106,7.69273553815537,nM,PPP2R5A,Q13362,CHEMBL4860,PPP2R5A kinase
CHEMBL000322,CN(C)c1cc2c(Nc3cccc(Br)c3)ncnc2cn1,2675.0445852545754,5.572668975149791,nM,PPP2R5A,Q13362,CHEMBL4860,PPP2R5A kinase
CHEMBL000323,Brc1cccc(Nc2ncnc3cc4ccccc4cc23)c1,0.11519114268873738,9.93858091352819,nM,PPP2R5A,Q13362,CHEMBL4860,PPP2R5A kinase
CHEMBL000324,CCOc1cc2ncnc(Nc3ccc(F)c(Cl)c3)c2cc1OCC,5117.125545512946,5.290973927750446,nM,PPP2R5A,Q13362,CHEMBL4860,PPP2R5A kinase
CHEMBL000325,Cc1cnc(Nc2cc(C(F)(F)F)cc(C3(N)CC3)c2)nc1,10502.263710855252,4.978717080818401,nM,PPP2R5A,Q13362,CHEMBL4860,PPP2R5A kinase
CHEMBL000326,O=C(Nc1ccc2c(c1)OCCO2)c1ccc(Cl)cc1,2.902910790761316,8.537166310250102,nM,PPP2R5A,Q13362,CHEMBL4860,PPP2R5A kinase
CHEMBL000327,CS(=O)(=O)c1ccc(-c2nc3ccccc3s2)cc1,10.292146491911241,7.987494040944403,nM,PPP2R5A,Q13362,CHEMBL4860,PPP2R5A kinase
CHEMBL000328,CC1CCN(c2nc(Nc3ccc(F)c(Cl)c3)c3ncnc(N4CC4)c3n2)CC1,18.35778479612401,7.736179725578232,nM,PPP2R5A,Q13362,CHEMBL4860,PPP2R5A kinase
CHEMBL000329,c1ccc2c(c1)nc(Nc1ccc(F)c(Cl)c1)nc2N1CCCC1,18.091798250878607,7.74251826389642,nM,PPP2R5A,Q13362,CHEMBL4860,PPP2R5A kinase
CHEMBL000330,CC(=O)Nc1ccc(-c2ccc3ncnc(Nc4cccc(Br)c4)c3c2)cc1,165.3370403833239,6.781629840729628,nM,PPP2R5A,Q13362,CHEMBL4860,PPP2R5A kinase
CHEMBL000331,Brc1cccc(Nc2ncnc3cc4[nH]cnc4cc23)c1,3514.6457443514482,5.454118442771253,nM,PPP2R5A,Q13362,CHEMBL4860,PPP2R5A kinase
CHEMBL000332,CNc1cc2c(Nc3cccc(Br)c3)ncnc2cn1,121.98127338047965,6.913706837290589,nM,PPP2R5A,Q13362,CHEMBL4860,PPP2R5A kinase
CHEMBL000333,O=C(c1ccc(Cl)cc1)N1CCN(c2ncnc3ccccc23)CC1,1643.3972929953873,5.784257432731833,nM,PPP2R5A,Q13362,CHEMBL4860,PPP2R5A kinase
CHEMBL000334,Cc1ccc(-c2cc(NC(=O)c3ccc(CN4CCN(C)CC4)cc3)c(C)n2-c2ccc(F)cc2)cc1,5.461606414035293,8.262679600126626,nM,PPP2R5A,Q13362,CHEMBL4860,PPP2R5A kinase
CHEMBL000335,COc1ccc(Nc2ncc3cc(-c4ccc(F)cc4)cc(=O)n3n2)cc1,263.38198852576147,6.579413927746792,nM,PPP2R5A,Q13362,CHEMBL4860,PPP2R5A kinase
CHEMBL000336,O=C(/C=C/c1ccc(O)cc1)Nc1ccccc1,2743.126244305418,5.5617542048112325,nM,PPP2R5A,Q13362,CHEMBL4860,PPP2R5A kinase
CHEMBL000337,Cc1ccc(S(=O)(=O)Nc2cccc(C(F)(F)F)c2)cc1,480.92656008905885,6.31792123752051,nM,PPP2R5A,Q13362,CHEMBL4860,PPP2R5A kinase
CHEMBL000338,CC(Nc1nc2ccccc2s1)c1ccccc1,38.07174812420919,7.419397181413436,nM,PPP2R5A,Q13362,CHEMBL4860,PPP2R5A kinase
CHEMBL000339,N#Cc1ccc(NC(=O)c2cc3cc(Cl)ccc3[nH]2)cc1,1110.6745721202863,5.954413170794037,nM,PPP2R5A,Q13362,CHEMBL4860,PPP2R5A kinase
CHEMBL000340,COc1cc2ncnc(Nc3ccc(F)c(Cl)c3)c2cc1OCCCN1CCOCC1,2712.2554675346514,5.566669406650353,nM,PPP2R5A,Q13362,CHEMBL4860,PPP2R5A kinase
CHEMBL000341,COc1cc2c(Nc3cccc(Br)c3)ncnc2cc1OCC,68.30762456387407,7.165530817237868,nM,PPP2R5A,Q13362,CHEMBL4860,PPP2R5A kinase
CHEMBL000342,CN(C)c1cc2c(Nc3cccc(Br)c3)ncnc2cn1,68.00645602487238,7.167449856663084,nM,PPP2R5A,Q13362,CHEMBL4860,PPP2R5A kinase
CHEMBL000343,Brc1cccc(Nc2ncnc3cc4ccccc4cc23)c1,912.8822505873866,6.039585236943305,nM,PPP2R5A,Q13362,CHEMBL4860,PPP2R5A kinase
CHEMBL000344,CCOc1cc2ncnc(Nc3ccc(F)c(Cl)c3)c2cc1OCC,806.4128850755749,6.093442541572515,nM,PPP2R5A,Q13362,CHEMBL4860,PPP2R5A kinase
CHEMBL000345,Cc1cnc(Nc2cc(C(F)(F)F)cc(C3(N)CC3)c2)nc1,71.10908558863888,7.148074906036454,nM,PPP2R5A,Q13362,CHEMBL4860,PPP2R5A kinase
CHEMBL000346,O=C(Nc1ccc2c(c1)OCCO2)c1ccc(Cl)cc1,23557.354219591358,4.627873487754014,nM,PPP2R5A,Q13362,CHEMBL4860,PPP2R5A kinase
CHEMBL000347,CS(=O)(=O)c1ccc(-c2nc3ccccc3s2)cc1,20473.6682383081,4.688804338435167,nM,PPP2R5A,Q13362,CHEMBL4860,PPP2R5A kinase
CHEMBL000348,CC1CCN(c2nc(Nc3ccc(F)c(Cl)c3)c3ncnc(N4CC4)c3n2)CC1,1895.249243143152,5.722333668121346,nM,PPP2R5A,Q13362,CHEMBL4860,PPP2R5A kinase
CHEMBL000349,c1ccc2c(c1)nc(Nc1ccc(F)c(Cl)c1)nc2N1CCCC1,331.2613196011856,6.479829272432229,nM,PPP2R5A,Q13362,CHEMBL4860,PPP2R5A kinase
CHEMBL000350,CC(=O)Nc1ccc(-c2ccc3ncnc(Nc4cccc(Br)c4)c3c2)cc1,54.15501140134265,7.266361348397007,nM,PPP2R5A,Q13362,CHEMBL4860,PPP2R5A kinase
CHEMBL000351,Brc1cccc(Nc2ncnc3cc4[nH]cnc4cc23)c1,0.9704332638762927,9.013034325424329,nM,PPP2R5A,Q13362,CHEMBL4860,PPP2R5A kinase
CHEMBL000352,CNc1cc2c(Nc3cccc(Br)c3)ncnc2cn1,8.194275573691813,8.08648943480303,nM,PPP2R5A,Q13362,CHEMBL4860,PPP2R5A kinase
CHEMBL000353,O=C(c1ccc(Cl)cc1)N1CCN(c2ncnc3ccccc23)CC1,275.3644015153742,6.560092205054859,nM,PPP2R5A,Q13362,CHEMBL4860,PPP2R5A kinase
CHEMBL000354,Cc1ccc(-c2cc(NC(=O)c3ccc(CN4CCN(C)CC4)cc3)c(C)n2-c2ccc(F)cc2)cc1,169.24829871728704,6.771475688145967,nM,PPP2R5A,Q13362,CHEMBL4860,PPP2R5A kinase
CHEMBL000355,COc1ccc(Nc2ncc3cc(-c4ccc(F)cc4)cc(=O)n3n2)cc1,5055.848444707215,5.296205953043287,nM,PPP2R5A,Q13362,CHEMBL4860,PPP2R5A kinase
CHEMBL000356,O=C(/C=C/c1ccc(O)cc1)Nc1ccccc1,168.95447687404032,6.772230296011415,nM,PPP2R5A,Q13362,CHEMBL4860,PPP2R5A kinase
CHEMBL000357,Cc1ccc(S(=O)(=O)Nc2cccc(C(F)(F)F)c2)cc1,429.5245172361042,6.367012041619792,nM,PPP2R5A,Q13362,CHEMBL4860,PPP2R5A kinase
CHEMBL000358,CC(Nc1nc2ccccc2s1)c1ccccc1,51.99028037194969,7.284077840507134,nM,PPP2R5A,Q13362,CHEMBL4860,PPP2R5A kinase
CHEMBL000359,N#Cc1ccc(NC(=O)c2cc3cc(Cl)ccc3[nH]2)cc1,2759.601773168896,5.559153584671515,nM,PPP2R5A,Q13362,CHEMBL4860,PPP2R5A kinase
CHEMBL000360,COc1cc2ncnc(Nc3ccc(F)c(Cl)c3)c2cc1OCCCN1CCOCC1,26.3621136893072,7.579019771361758,nM,PPP2R5A,Q13362,CHEMBL4860,PPP2R5A kinase
CHEMBL000361,COc1cc2c(Nc3cccc(Br)c3)ncnc2cc1OCC,0.7959607095557721,9.099108369503867,nM,PPP2R5A,Q13362,CHEMBL4860,PPP2R5A kinase
CHEMBL000362,CN(C)c1cc2c(Nc3cccc(Br)c3)ncnc2cn1,230.7492099195388,6.636859777314713,nM,PPP2R5A,Q13362,CHEMBL4860,PPP2R5A kinase
CHEMBL000363,Brc1cccc(Nc2ncnc3cc4ccccc4cc23)c1,39.57604734014733,7.402567583148412,nM,PPP2R5A,Q13362,CHEMBL4860,PPP2R5A kinase
CHEMBL000364,CCOc1cc2ncnc(Nc3ccc(F)c(Cl)c3)c2cc1OCC,14.614501710414132,7.835215987566668,nM,PPP2R5A,Q13362,CHEMBL4860,PPP2R5A kinase
CHEMBL000365,Cc1cnc(Nc2cc(C(F)(F)F)cc(C3(N)CC3)c2)nc1,633.6226708918806,6.1981692921712455,nM,PPP2R5A,Q13362,CHEMBL4860,PPP2R5A kinase
CHEMBL000366,O=C(Nc1ccc2c(c1)OCCO2)c1ccc(Cl)cc1,73.09055797057165,7.136138722715625,nM,PPP2R5A,Q13362,CHEMBL4860,PPP2R5A kinase
CHEMBL000367,CS(=O)(=O)c1ccc(-c2nc3ccccc3s2)cc1,151.74395487987047,6.818888601172692,nM,PPP2R5A,Q13362,CHEMBL4860,PPP2R5A kinase
CHEMBL000368,CC1CCN(c2nc(Nc3ccc(F)c(Cl)c3)c3ncnc(N4CC4)c3n2)CC1,113.10605426640949,6.9465141478232475,nM,PPP2R5A,Q13362,CHEMBL4860,PPP2R5A kinase
CHEMBL000369,c1ccc2c(c1)nc(Nc1ccc(F)c(Cl)c1)nc2N1CCCC1,2288.309037355822,5.6404853242168,nM,PPP2R5A,Q13362,CHEMBL4860,PPP2R5A kinase
CHEMBL000370,CC(=O)Nc1ccc(-c2ccc3ncnc(Nc4cccc(Br)c4)c3c2)cc1,145.6245977047863,6.836765261388414,nM,PPP2R5A,Q13362,CHEMBL4860,PPP2R5A kinase
CHEMBL000371,Brc1cccc(Nc2ncnc3cc4[nH]cnc4cc23)c1,28.379357774041782,7.546997436868175,nM,PPP2R5A,Q13362,CHEMBL4860,PPP2R5A kinase
CHEMBL000372,CNc1cc2c(Nc3cccc(Br)c3)ncnc2cn1,1.0550780507374848,8.976715411692563,nM,PPP2R5A,Q13362,CHEMBL4860,PPP2R5A kinase
CHEMBL000373,O=C(c1ccc(Cl)cc1)N1CCN(c2ncnc3ccccc23)CC1,5.768909963229204,8.238906239127811,nM,PPP2R5A,Q13362,CHEMBL4860,PPP2R5A kinase
CHEMBL000374,Cc1ccc(-c2cc(NC(=O)c3ccc(CN4CCN(C)CC4)cc3)c(C)n2-c2ccc(F)cc2)cc1,0.09337407525335828,10.029773686267333,nM,PPP2R5A,Q13362,CHEMBL4860,PPP2R5A kinase
CHEMBL000375,COc1ccc(Nc2ncc3cc(-c4ccc(F)cc4)cc(=O)n3n2)cc1,2243.9922068737615,5.648978655667926,nM,PPP2R5A,Q13362,CHEMBL4860,PPP2R5A kinase
CHEMBL000376,O=C(/C=C/c1ccc(O)cc1)Nc1ccccc1,7.789669734901524,8.108480955081017,nM,PPP2R5A,Q13362,CHEMBL4860,PPP2R5A kinase
CHEMBL000377,Cc1ccc(S(=O)(=O)Nc2cccc(C(F)(F)F)c2)cc1,84.13699393557233,7.075013008607527,nM,PPP2R5A,Q13362,CHEMBL4860,PPP2R5A kinase
CHEMBL000378,CC(Nc1nc2ccccc2s1)c1ccccc1,0.0822802495434253,10.084704399826508,nM,PPP2R5A,Q13362,CHEMBL4860,PPP2R5A kinase
CHEMBL000379,N#Cc1ccc(NC(=O)c2cc3cc(Cl)ccc3[nH]2)cc1,2584.9219121332953,5.587552571967272,nM,PPP2R5A,Q13362,CHEMBL4860,PPP2R5A kinase
CHEMBL000380,COc1cc2ncnc(Nc3ccc(F)c(Cl)c3)c2cc1OCCCN1CCOCC1,2881.262078059279,5.540417236728835,nM,PPP2R5A,Q13362,CHEMBL4860,PPP2R5A kinase
CHEMBL000381,COc1cc2c(Nc3cccc(Br)c3)ncnc2cc1OCC,1256.2872962971162,5.900911031833966,nM,PPP2R5A,Q13362,CHEMBL4860,PPP2R5A kinase
CHEMBL000382,CN(C)c1cc2c(Nc3cccc(Br)c3)ncnc2cn1,243132.81952084086,3.6141564135352895,nM,PPP2R5A,Q13362,CHEMBL4860,PPP2R5A kinase
CHEMBL000383,Brc1cccc(Nc2ncnc3cc4ccccc4cc23)c1,974.1650233873246,6.011367467478858,nM,PPP2R5A,Q13362,CHEMBL4860,PPP2R5A kinase
CHEMBL000384,CCOc1cc2ncnc(Nc3ccc(F)c(Cl)c3)c2cc1OCC,2181.217595119171,5.6613010076694525,nM,PPP2R5A,Q13362,CHEMBL4860,PPP2R5A kinase
CHEMBL000385,Cc1cnc(Nc2cc(C(F)(F)F)cc(C3(N)CC3)c2)nc1,94.27777410285576,7.025590679714311,nM,PPP2R5A,Q13362,CHEMBL4860,PPP2R5A kinase
CHEMBL000386,O=C(Nc1ccc2c(c1)OCCO2)c1ccc(Cl)cc1,48.68173369938074,7.312633963665739,nM,PPP2R5A,Q13362,CHEMBL4860,PPP2R5A kinase
CHEMBL000387,CS(=O)(=O)c1ccc(-c2nc3ccccc3s2)cc1,0.24307692915789947,9.61425625882383,nM,PPP2R5A,Q13362,CHEMBL4860,PPP2R5A kinase
CHEMBL000388,CC1CCN(c2nc(Nc3ccc(F)c(Cl)c3)c3ncnc(N4CC4)c3n2)CC1,5.947908004416505,8.225635757279075,nM,PPP2R5A,Q13362,CHEMBL4860,PPP2R5A kinase
CHEMBL000389,c1ccc2c(c1)nc(Nc1ccc(F)c(Cl)c1)nc2N1CCCC1,1162.399684715149,5.9346445165063955,nM,PPP2R5A,Q13362,CHEMBL4860,PPP2R5A kinase
CHEMBL000390,CC(=O)Nc1ccc(-c2ccc3ncnc(Nc4cccc(Br)c4)c3c2)cc1,3528.7590667113645,5.452377992977463,nM,PPP2R5A,Q13362,CHEMBL4860,PPP2R5A kinase
CHEMBL000391,Brc1cccc(Nc2ncnc3cc4[nH]cnc4cc23)c1,28.981525570278563,7.537878757259758,nM,PPP2R5A,Q13362,CHEMBL4860,PPP2R5A kinase
CHEMBL000392,CNc1cc2c(Nc3cccc(Br)c3)ncnc2cn1,15147.808654814107,4.819650189469037,nM,PPP2R5A,Q13362,CHEMBL4860,PPP2R5A kinase
CHEMBL000393,O=C(c1ccc(Cl)cc1)N1CCN(c2ncnc3ccccc23)CC1,0.2836689827093605,9.54718814878153,nM,PPP2R5A,Q13362,CHEMBL4860,PPP2R5A kinase
CHEMBL000394,Cc1ccc(-c2cc(NC(=O)c3ccc(CN4CCN(C)CC4)cc3)c(C)n2-c2ccc(F)cc2)cc1,2.696744607140748,8.56916018108193,nM,PPP2R5A,Q13362,CHEMBL4860,PPP2R5A kinase
CHEMBL000395,COc1ccc(Nc2ncc3cc(-c4ccc(F)cc4)cc(=O)n3n2)cc1,801.2415790270211,6.096236521842942,nM,PPP2R5A,Q13362,CHEMBL4860,PPP2R5A kinase
CHEMBL000396,O=C(/C=C/c1ccc(O)cc1)Nc1ccccc1,58843.946727600065,4.230298206363684,nM,PPP2R5A,Q13362,CHEMBL4860,PPP2R5A kinase
CHEMBL000397,Cc1ccc(S(=O)(=O)Nc2cccc(C(F)(F)F)c2)cc1,1.47635717403464,8.83080856124812,nM,PPP2R5A,Q13362,CHEMBL4860,PPP2R5A kinase
CHEMBL000398,CC(Nc1nc2ccccc2s1)c1ccccc1,235.40179378061293,6.628190232121073,nM,PPP2R5A,Q13362,CHEMBL4860,PPP2R5A kinase
CHEMBL000399,N#Cc1ccc(NC(=O)c2cc3cc(Cl)ccc3[nH]2)cc1,2.204324522278018,8.656724467960192,nM,PPP2R5A,Q13362,CHEMBL4860,PPP2R5A kinase
CHEMBL000400,COc1cc2ncnc(Nc3ccc(F)c(Cl)c3)c2cc1OCCCN1CCOCC1,39051.838822469545,4.40835851180845,nM,PPP2R5A,Q13362,CHEMBL4860,PPP2R5A kinase
CHEMBL000401,COc1cc2c(Nc3cccc(Br)c3)ncnc2cc1OCC,1256.210833535743,5.90093746556934,nM,PPP2R5A,Q13362,CHEMBL4860,PPP2R5A kinase
CHEMBL000402,CN(C)c1cc2c(Nc3cccc(Br)c3)ncnc2cn1,155.6447407523145,6.807865549577275,nM,PPP2R5A,Q13362,CHEMBL4860,PPP2R5A kinase
CHEMBL000403,Brc1cccc(Nc2ncnc3cc4ccccc4cc23)c1,134.75010409491904,6.870470890647113,nM,PPP2R5A,Q13362,CHEMBL4860,PPP2R5A kinase
CHEMBL000404,CCOc1cc2ncnc(Nc3ccc(F)c(Cl)c3)c2cc1OCC,750.0638024429627,6.1249017927811344,nM,PPP2R5A,Q13362,CHEMBL4860,PPP2R5A kinase
CHEMBL000405,Cc1cnc(Nc2cc(C(F)(F)F)cc(C3(N)CC3)c2)nc1,18.438479359511486,7.734274898521248,nM,PPP2R5A,Q13362,CHEMBL4860,PPP2R5A kinase
CHEMBL000406,O=C(Nc1ccc2c(c1)OCCO2)c1ccc(Cl)cc1,6330.392585841847,5.198569355926108,nM,PPP2R5A,Q13362,CHEMBL4860,PPP2R5A kinase
CHEMBL000407,CS(=O)(=O)c1ccc(-c2nc3ccccc3s2)cc1,259.16074965830006,6.586430772468059,nM,PPP2R5A,Q13362,CHEMBL4860,PPP2R5A kinase
CHEMBL000408,CC1CCN(c2nc(Nc3ccc(F)c(Cl)c3)c3ncnc(N4CC4)c3n2)CC1,104.60598961537865,6.980443447567848,nM,PPP2R5A,Q13362,CHEMBL4860,PPP2R5A kinase
CHEMBL000409,c1ccc2c(c1)nc(Nc1ccc(F)c(Cl)c1)nc2N1CCCC1,26.81277408031204,7.571658251088124,nM,PPP2R5A,Q13362,CHEMBL4860,PPP2R5A kinase
CHEMBL000410,CC(=O)Nc1ccc(-c2ccc3ncnc(Nc4cccc(Br)c4)c3c2)cc1,13.56993235887172,7.867422317133334,nM,PPP2R5A,Q13362,CHEMBL4860,PPP2R5A kinase
CHEMBL000411,Brc1cccc(Nc2ncnc3cc4[nH]cnc4cc23)c1,7708.380387484342,5.113036862243196,nM,PPP2R5A,Q13362,CHEMBL4860,PPP2R5A kinase
CHEMBL000412,CNc1cc2c(Nc3cccc(Br)c3)ncnc2cn1,31708.175705929836,4.498828743896566,nM,PPP2R5A,Q13362,CHEMBL4860,PPP2R5A kinase
CHEMBL000413,O=C(c1ccc(Cl)cc1)N1CCN(c2ncnc3ccccc23)CC1,1.9208115882419496,8.716515232847764,nM,PPP2R5A,Q13362,CHEMBL4860,PPP2R5A kinase
CHEMBL000414,Cc1ccc(-c2cc(NC(=O)c3ccc(CN4CCN(C)CC4)cc3)c(C)n2-c2ccc(F)cc2)cc1,50.295482871270764,7.298471017969387,nM,PPP2R5A,Q13362,CHEMBL4860,PPP2R5A kinase
CHEMBL000415,COc1ccc(Nc2ncc3cc(-c4ccc(F)cc4)cc(=O)n3n2)cc1,2102.4699866326996,5.677270195165169,nM,PPP2R5A,Q13362,CHEMBL4860,PPP2R5A kinase
CHEMBL000416,O=C(/C=C/c1ccc(O)cc1)Nc1ccccc1,0.7469164711911596,9.126727963283784,nM,PPP2R5A,Q13362,CHEMBL4860,PPP2R5A kinase
CHEMBL000417,Cc1ccc(S(=O)(=O)Nc2cccc(C(F)(F)F)c2)cc1,106.28893330027687,6.973511951439288,nM,PPP2R5A,Q13362,CHEMBL4860,PPP2R5A kinase
CHEMBL000418,CC(Nc1nc2ccccc2s1)c1ccccc1,2.6980762801443685,8.56894577609574,nM,PPP2R5A,Q13362,CHEMBL4860,PPP2R5A kinase
CHEMBL000419,N#Cc1ccc(NC(=O)c2cc3cc(Cl)ccc3[nH]2)cc1,125.52270159193536,6.9012777221151635,nM,PPP2R5A,Q13362,CHEMBL4860,PPP2R5A kinase
CHEMBL000420,COc1cc2ncnc(Nc3ccc(F)c(Cl)c3)c2cc1OCCCN1CCOCC1,0.12849259872318325,9.891121887322981,nM,PPP2R5A,Q13362,CHEMBL4860,PPP2R5A kinase
CHEMBL000421,COc1cc2c(Nc3cccc(Br)c3)ncnc2cc1OCC,0.36896802905851644,9.433011263664806,nM,PPP2R5A,Q13362,CHEMBL4860,PPP2R5A kinase
CHEMBL000422,CN(C)c1cc2c(Nc3cccc(Br)c3)ncnc2cn1,374.49517163874,6.42655377728139,nM,PPP2R5A,Q13362,CHEMBL4860,PPP2R5A kinase
CHEMBL000423,Brc1cccc(Nc2ncnc3cc4ccccc4cc23)c1,5.528961598744632,8.257356426431533,nM,PPP2R5A,Q13362,CHEMBL4860,PPP2R5A kinase
CHEMBL000424,CCOc1cc2ncnc(Nc3ccc(F)c(Cl)c3)c2cc1OCC,17.058312869660636,7.768063924377721,nM,PPP2R5A,Q13362,CHEMBL4860,PPP2R5A kinase
CHEMBL000425,Cc1cnc(Nc2cc(C(F)(F)F)cc(C3(N)CC3)c2)nc1,1.4029838237891328,8.852947336298524,nM,PPP2R5A,Q13362,CHEMBL4860,PPP2R5A kinase
CHEMBL000426,O=C(Nc1ccc2c(c1)OCCO2)c1ccc(Cl)cc1,4440.022703903009,5.352614809129843,nM,PPP2R5A,Q13362,CHEMBL4860,PPP2R5A kinase
CHEMBL000427,CS(=O)(=O)c1ccc(-c2nc3ccccc3s2)cc1,14.82254610929263,7.829077189997658,nM,PPP2R5A,Q13362,CHEMBL4860,PPP2R5A kinase
CHEMBL000428,CC1CCN(c2nc(Nc3ccc(F)c(Cl)c3)c3ncnc(N4CC4)c3n2)CC1,4.0960313289086745,8.387636730274382,nM,PPP2R5A,Q13362,CHEMBL4860,PPP2R5A kinase
CHEMBL000429,c1ccc2c(c1)nc(Nc1ccc(F)c(Cl)c1)nc2N1CCCC1,68882.5521430341,4.1618907703653285,nM,PPP2R5A,Q13362,CHEMBL4860,PPP2R5A kinase
CHEMBL000430,CC(=O)Nc1ccc(-c2ccc3ncnc(Nc4cccc(Br)c4)c3c2)cc1,9438.169422439018,5.025112231001337,nM,PPP2R5A,Q13362,CHEMBL4860,PPP2R5A kinase
CHEMBL000431,Brc1cccc(Nc2ncnc3cc4[nH]cnc4cc23)c1,181488.1470569484,3.7411517333598487,nM,PPP2R5A,Q13362,CHEMBL4860,PPP2R5A kinase
CHEMBL000432,CNc1cc2c(Nc3cccc(Br)c3)ncnc2cn1,401.8928239570536,6.395889748333163,nM,PPP2R5A,Q13362,CHEMBL4860,PPP2R5A kinase
CHEMBL000433,O=C(c1ccc(Cl)cc1)N1CCN(c2ncnc3ccccc23)CC1,13.294947181838758,7.876313383693944,nM,PPP2R5A,Q13362,CHEMBL4860,PPP2R5A kinase
CHEMBL000434,Cc1ccc(-c2cc(NC(=O)c3ccc(CN4CCN(C)CC4)cc3)c(C)n2-c2ccc(F)cc2)cc1,0.8840247454203762,9.053535578144043,nM,PPP2R5A,Q13362,CHEMBL4860,PPP2R5A kinase
CHEMBL000435,COc1ccc(Nc2ncc3cc(-c4ccc(F)cc4)cc(=O)n3n2)cc1,122.70374824472341,6.911142170629662,nM,PPP2R5A,Q13362,CHEMBL4860,PPP2R5A kinase
CHEMBL000436,O=C(/C=C/c1ccc(O)cc1)Nc1ccccc1,0.5715795492821357,9.242923318356937,nM,PPP2R5A,Q13362,CHEMBL4860,PPP2R5A kinase
CHEMBL000437,Cc1ccc(S(=O)(=O)Nc2cccc(C(F)(F)F)c2)cc1,18627.397715121955,4.729847812677663,nM,PPP2R5A,Q13362,CHEMBL4860,PPP2R5A kinase
CHEMBL000438,CC(Nc1nc2ccccc2s1)c1ccccc1,56894.94200048772,4.244926340967268,nM,PPP2R5A,Q13362,CHEMBL4860,PPP2R5A kinase
CHEMBL000439,N#Cc1ccc(NC(=O)c2cc3cc(Cl)ccc3[nH]2)cc1,192.00898344919597,6.7166784516550715,nM,PPP2R5A,Q13362,CHEMBL4860,PPP2R5A kinase
CHEMBL000440,COc1cc2ncnc(Nc3ccc(F)c(Cl)c3)c2cc1OCCCN1CCOCC1,42.063153277313894,7.376098173408961,nM,PPP2R5A,Q13362,CHEMBL4860,PPP2R5A kinase
CHEMBL000441,COc1cc2c(Nc3cccc(Br)c3)ncnc2cc1OCC,177.4361567543596,6.75095787785886,nM,PPP2R5A,Q13362,CHEMBL4860,PPP2R5A kinase
CHEMBL000442,CN(C)c1cc2c(Nc3cccc(Br)c3)ncnc2cn1,200061.32926665826,3.698836849940185,nM,PPP2R5A,Q13362,CHEMBL4860,PPP2R5A kinase
CHEMBL000443,Brc1cccc(Nc2ncnc3cc4ccccc4cc23)c1,215.6155404164074,6.666319940730817,nM,PPP2R5A,Q13362,CHEMBL4860,PPP2R5A kinase
CHEMBL000444,CCOc1cc2ncnc(Nc3ccc(F)c(Cl)c3)c2cc1OCC,14345.122153405651,4.84329574924272,nM,PPP2R5A,Q13362,CHEMBL4860,PPP2R5A kinase
CHEMBL000445,Cc1cnc(Nc2cc(C(F)(F)F)cc(C3(N)CC3)c2)nc1,15.68524030794889,7.804508823245057,nM,PPP2R5A,Q13362,CHEMBL4860,PPP2R5A kinase
CHEMBL000446,O=C(Nc1ccc2c(c1)OCCO2)c1ccc(Cl)cc1,44.67891632276805,7.349897369145272,nM,PPP2R5A,Q13362,CHEMBL4860,PPP2R5A kinase
CHEMBL000447,CS(=O)(=O)c1ccc(-c2nc3ccccc3s2)cc1,4072.1116727198914,5.390180320508967,nM,PPP2R5A,Q13362,CHEMBL4860,PPP2R5A kinase
CHEMBL000448,CC1CCN(c2nc(Nc3ccc(F)c(Cl)c3)c3ncnc(N4CC4)c3n2)CC1,934.975812574977,6.029199623994959,nM,PPP2R5A,Q13362,CHEMBL4860,PPP2R5A kinase
CHEMBL000449,c1ccc2c(c1)nc(Nc1ccc(F)c(Cl)c1)nc2N1CCCC1,6149.2235653001835,5.211179717166573,nM,PPP2R5A,Q13362,CHEMBL4860,PPP2R5A kinase
CHEMBL000450,CC(=O)Nc1ccc(-c2ccc3ncnc(Nc4cccc(Br)c4)c3c2)cc1,196.79707803448744,6.705981354090242,nM,PPP2R5A,Q13362,CHEMBL4860,PPP2R5A kinase
CHEMBL000451,Brc1cccc(Nc2ncnc3cc4[nH]cnc4cc23)c1,5.851760178941818,8.232713480751856,nM,PPP2R5A,Q13362,CHEMBL4860,PPP2R5A kinase
CHEMBL000452,CNc1cc2c(Nc3cccc(Br)c3)ncnc2cn1,4770.776479940784,5.321410930496684,nM,PPP2R5A,Q13362,CHEMBL4860,PPP2R5A kinase
CHEMBL000453,O=C(c1ccc(Cl)cc1)N1CCN(c2ncnc3ccccc23)CC1,27.792667179360617,7.556069773276766,nM,PPP2R5A,Q13362,CHEMBL4860,PPP2R5A kinase
CHEMBL000454,Cc1ccc(-c2cc(NC(=O)c3ccc(CN4CCN(C)CC4)cc3)c(C)n2-c2ccc(F)cc2)cc1,989.4330831799208,6.004613572441339,nM,PPP2R5A,Q13362,CHEMBL4860,PPP2R5A kinase
CHEMBL000455,COc1ccc(Nc2ncc3cc(-c4ccc(F)cc4)cc(=O)n3n2)cc1,2450.807769161699,5.610690751606484,nM,PPP2R5A,Q13362,CHEMBL4860,PPP2R5A kinase
CHEMBL000456,O=C(/C=C/c1ccc(O)cc1)Nc1ccccc1,229.3747139172087,6.639454460068163,nM,PPP2R5A,Q13362,CHEMBL4860,PPP2R5A kinase
CHEMBL000457,Cc1ccc(S(=O)(=O)Nc2cccc(C(F)(F)F)c2)cc1,5660.613250347802,5.247136516370938,nM,PPP2R5A,Q13362,CHEMBL4860,PPP2R5A kinase
CHEMBL000458,CC(Nc1nc2ccccc2s1)c1ccccc1,1072.6893233004537,5.969526041979226,nM,PPP2R5A,Q13362,CHEMBL4860,PPP2R5A kinase
CHEMBL000459,N#Cc1ccc(NC(=O)c2cc3cc(Cl)ccc3[nH]2)cc1,9926.972959390014,5.003183161116727,nM,PPP2R5A,Q13362,CHEMBL4860,PPP2R5A kinase
CHEMBL000460,COc1cc2ncnc(Nc3ccc(F)c(Cl)c3)c2cc1OCCCN1CCOCC1,0.17902443040601493,9.747087699374584,nM,PPP2R5A,Q13362,CHEMBL4860,PPP2R5A kinase
CHEMBL000461,COc1cc2c(Nc3cccc(Br)c3)ncnc2cc1OCC,140.31518462560678,6.852895327957593,nM,PPP2R5A,Q13362,CHEMBL4860,PPP2R5A kinase
CHEMBL000462,CN(C)c1cc2c(Nc3cccc(Br)c3)ncnc2cn1,1776.5942901738642,5.750411738011121,nM,PPP2R5A,Q13362,CHEMBL4860,PPP2R5A kinase
CHEMBL000463,Brc1cccc(Nc2ncnc3cc4ccccc4cc23)c1,75.68854103486005,7.1209698661013325,nM,PPP2R5A,Q13362,CHEMBL4860,PPP2R5A kinase
CHEMBL000464,CCOc1cc2ncnc(Nc3ccc(F)c(Cl)c3)c2cc1OCC,233.6103470149928,6.6315079254637554,nM,PPP2R5A,Q13362,CHEMBL4860,PPP2R5A kinase
CHEMBL000465,Cc1cnc(Nc2cc(C(F)(F)F)cc(C3(N)CC3)c2)nc1,339.9808061178004,6.468545600700166,nM,PPP2R5A,Q13362,CHEMBL4860,PPP2R5A kinase
CHEMBL000466,O=C(Nc1ccc2c(c1)OCCO2)c1ccc(Cl)cc1,18.999840271860077,7.721250050065137,nM,PPP2R5A,Q13362,CHEMBL4860,PPP2R5A kinase
CHEMBL000467,CS(=O)(=O)c1ccc(-c2nc3ccccc3s2)cc1,11.580796626804645,7.936261565070957,nM,PPP2R5A,Q13362,CHEMBL4860,PPP2R5A kinase
CHEMBL000468,CC1CCN(c2nc(Nc3ccc(F)c(Cl)c3)c3ncnc(N4CC4)c3n2)CC1,990.265665424609,6.004248278584209,nM,PPP2R5A,Q13362,CHEMBL4860,PPP2R5A kinase
CHEMBL000469,c1ccc2c(c1)nc(Nc1ccc(F)c(Cl)c1)nc2N1CCCC1,1158.0501334848723,5.93627263903298,nM,PPP2R5A,Q13362,CHEMBL4860,PPP2R5A kinase
CHEMBL000470,CC(=O)Nc1ccc(-c2ccc3ncnc(Nc4cccc(Br)c4)c3c2)cc1,409.8052763229869,6.387422454272534,nM,PPP2R5A,Q13362,CHEMBL4860,PPP2R5A kinase
CHEMBL000471,Brc1cccc(Nc2ncnc3cc4[nH]cnc4cc23)c1,449657.40219729906,3.347118252896623,nM,PPP2R5A,Q13362,CHEMBL4860,PPP2R5A kinase
CHEMBL000472,CNc1cc2c(Nc3cccc(Br)c3)ncnc2cn1,29702.061521231524,4.527213406702171,nM,PPP2R5A,Q13362,CHEMBL4860,PPP2R5A kinase
CHEMBL000473,O=C(c1ccc(Cl)cc1)N1CCN(c2ncnc3ccccc23)CC1,1.4115250791240204,8.850311401166786,nM,PPP2R5A,Q13362,CHEMBL4860,PPP2R5A kinase
CHEMBL000474,Cc1ccc(-c2cc(NC(=O)c3ccc(CN4CCN(C)CC4)cc3)c(C)n2-c2ccc(F)cc2)cc1,0.54019235020833,9.267451570251925,nM,PPP2R5A,Q13362,CHEMBL4860,PPP2R5A kinase
CHEMBL000475,COc1ccc(Nc2ncc3cc(-c4ccc(F)cc4)cc(=O)n3n2)cc1,374.58817145308285,6.426445940665432,nM,PPP2R5A,Q13362,CHEMBL4860,PPP2R5A kinase
CHEMBL000476,O=C(/C=C/c1ccc(O)cc1)Nc1ccccc1,21.635381392040216,7.66483544458365,nM,PPP2R5A,Q13362,CHEMBL4860,PPP2R5A kinase
CHEMBL000477,Cc1ccc(S(=O)(=O)Nc2cccc(C(F)(F)F)c2)cc1,54.09096982278704,7.266875231815304,nM,PPP2R5A,Q13362,CHEMBL4860,PPP2R5A kinase
CHEMBL000478,CC(Nc1nc2ccccc2s1)c1ccccc1,0.003816618818390508,11.418321212682855,nM,PPP2R5A,Q13362,CHEMBL4860,PPP2R5A kinase
CHEMBL000479,N#Cc1ccc(NC(=O)c2cc3cc(Cl)ccc3[nH]2)cc1,3.316176465551618,8.479362367151865,nM,PPP2R5A,Q13362,CHEMBL4860,PPP2R5A kinase
CHEMBL000480,COc1cc2ncnc(Nc3ccc(F)c(Cl)c3)c2cc1OCCCN1CCOCC1,246.53375309490679,6.60812361277885,nM,PPP2R5A,Q13362,CHEMBL4860,PPP2R5A kinase
CHEMBL000481,COc1cc2c(Nc3cccc(Br)c3)ncnc2cc1OCC,4298.437940388532,5.366689339099361,nM,PPP2R5A,Q13362,CHEMBL4860,PPP2R5A kinase
CHEMBL000482,CN(C)c1cc2c(Nc3cccc(Br)c3)ncnc2cn1,40707.03591796654,4.3903305196136415,nM,PPP2R5A,Q13362,CHEMBL4860,PPP2R5A kinase
CHEMBL000483,Brc1cccc(Nc2ncnc3cc4ccccc4cc23)c1,78.48823196020335,7.105195453800834,nM,PPP2R5A,Q13362,CHEMBL4860,PPP2R5A kinase
CHEMBL000484,CCOc1cc2ncnc(Nc3ccc(F)c(Cl)c3)c2cc1OCC,2160.3599522111704,5.665473882073545,nM,PPP2R5A,Q13362,CHEMBL4860,PPP2R5A kinase
CHEMBL000485,Cc1cnc(Nc2cc(C(F)(F)F)cc(C3(N)CC3)c2)nc1,21546.690051765043,4.666619435603488,nM,PPP2R5A,Q13362,CHEMBL4860,PPP2R5A kinase
CHEMBL000486,O=C(Nc1ccc2c(c1)OCCO2)c1ccc(Cl)cc1,1478.629363292054,5.83014067363621,nM,PPP2R5A,Q13362,CHEMBL4860,PPP2R5A kinase
CHEMBL000487,CS(=O)(=O)c1ccc(-c2nc3ccccc3s2)cc1,6642.35381793826,5.177677994578407,nM,PPP2R5A,Q13362,CHEMBL4860,PPP2R5A kinase
CHEMBL000488,CC1CCN(c2nc(Nc3ccc(F)c(Cl)c3)c3ncnc(N4CC4)c3n2)CC1,0.46696845888982974,9.330712452608847,nM,PPP2R5A,Q13362,CHEMBL4860,PPP2R5A kinase
CHEMBL000489,c1ccc2c(c1)nc(Nc1ccc(F)c(Cl)c1)nc2N1CCCC1,7.542934987927738,8.122459635424175,nM,PPP2R5A,Q13362,CHEMBL4860,PPP2R5A kinase
CHEMBL000490,CC(=O)Nc1ccc(-c2ccc3ncnc(Nc4cccc(Br)c4)c3c2)cc1,162.91420819558894,6.7880410380250735,nM,PPP2R5A,Q13362,CHEMBL4860,PPP2R5A kinase
CHEMBL000491,Brc1cccc(Nc2ncnc3cc4[nH]cnc4cc23)c1,0.9551768576207936,9.019916208335038,nM,PPP2R5A,Q13362,CHEMBL4860,PPP2R5A kinase
CHEMBL000492,CNc1cc2c(Nc3cccc(Br)c3)ncnc2cn1,121.32422855819804,6.916052461471427,nM,PPP2R5A,Q13362,CHEMBL4860,PPP2R5A kinase
CHEMBL000493,O=C(c1ccc(Cl)cc1)N1CCN(c2ncnc3ccccc23)CC1,3104.0328016883664,5.508073698007604,nM,PPP2R5A,Q13362,CHEMBL4860,PPP2R5A kinase
CHEMBL000494,Cc1ccc(-c2cc(NC(=O)c3ccc(CN4CCN(C)CC4)cc3)c(C)n2-c2ccc(F)cc2)cc1,0.8228371363840635,9.084686115904486,nM,PPP2R5A,Q13362,CHEMBL4860,PPP2R5A kinase
CHEMBL000495,COc1ccc(Nc2ncc3cc(-c4ccc(F)cc4)cc(=O)n3n2)cc1,24.639672692840442,7.608365065526987,nM,PPP2R5A,Q13362,CHEMBL4860,PPP2R5A kinase
CHEMBL000496,O=C(/C=C/c1ccc(O)cc1)Nc1ccccc1,5699.926184568865,5.244130768510315,nM,PPP2R5A,Q13362,CHEMBL4860,PPP2R5A kinase
CHEMBL000497,Cc1ccc(S(=O)(=O)Nc2cccc(C(F)(F)F)c2)cc1,305.8496706185647,6.5144919828745875,nM,PPP2R5A,Q13362,CHEMBL4860,PPP2R5A kinase
CHEMBL000498,CC(Nc1nc2ccccc2s1)c1ccccc1,3261.5750787891793,5.486572619922864,nM,PPP2R5A,Q13362,CHEMBL4860,PPP2R5A kinase
CHEMBL000499,N#Cc1ccc(NC(=O)c2cc3cc(Cl)ccc3[nH]2)cc1,18801.807263949428,4.725800403553496,nM,PPP2R5A,Q13362,CHEMBL4860,PPP2R5A kinase
CHEMBL000500,COc1cc2ncnc(Nc3ccc(F)c(Cl)c3)c2cc1OCCCN1CCOCC1,6.467458917863208,8.189266321297461,nM,PPP2R5A,Q13362,CHEMBL4860,PPP2R5A kinase
CHEMBL000501,COc1cc2c(Nc3cccc(Br)c3)ncnc2cc1OCC,0.21670804752816386,9.664124960705195,nM,PPP2R5A,Q13362,CHEMBL4860,PPP2R5A kinase
CHEMBL000502,CN(C)c1cc2c(Nc3cccc(Br)c3)ncnc2cn1,19854.152836053683,4.702148639271288,nM,PPP2R5A,Q13362,CHEMBL4860,PPP2R5A kinase
CHEMBL000503,Brc1cccc(Nc2ncnc3cc4ccccc4cc23)c1,22.674939917197523,7.644453855035856,nM,PPP2R5A,Q13362,CHEMBL4860,PPP2R5A kinase
CHEMBL000504,CCOc1cc2ncnc(Nc3ccc(F)c(Cl)c3)c2cc1OCC,1499.5600219707594,5.824036146317259,nM,PPP2R5A,Q13362,CHEMBL4860,PPP2R5A kinase
CHEMBL000505,Cc1cnc(Nc2cc(C(F)(F)F)cc(C3(N)CC3)c2)nc1,852.4876098913708,6.069311924352956,nM,PPP2R5A,Q13362,CHEMBL4860,PPP2R5A kinase
CHEMBL000506,O=C(Nc1ccc2c(c1)OCCO2)c1ccc(Cl)cc1,1226.2835045584661,5.911409113641696,nM,PPP2R5A,Q13362,CHEMBL4860,PPP2R5A kinase
CHEMBL000507,CS(=O)(=O)c1ccc(-c2nc3ccccc3s2)cc1,3133.18583551664,5.504013845480276,nM,PPP2R5A,Q13362,CHEMBL4860,PPP2R5A kinase
CHEMBL000508,CC1CCN(c2nc(Nc3ccc(F)c(Cl)c3)c3ncnc(N4CC4)c3n2)CC1,134.03479612233363,6.8727824419172405,nM,PPP2R5A,Q13362,CHEMBL4860,PPP2R5A kinase
CHEMBL000509,c1ccc2c(c1)nc(Nc1ccc(F)c(Cl)c1)nc2N1CCCC1,2795.2790823907326,5.553574825383443,nM,PPP2R5A,Q13362,CHEMBL4860,PPP2R5A kinase
CHEMBL000510,CC(=O)Nc1ccc(-c2ccc3ncnc(Nc4cccc(Br)c4)c3c2)cc1,62.27514699594793,7.2056852386697585,nM,PPP2R5A,Q13362,CHEMBL4860,PPP2R5A kinase
CHEMBL000511,Brc1cccc(Nc2ncnc3cc4[nH]cnc4cc23)c1,188.51988413716106,6.724642835826295,nM,PPP2R5A,Q13362,CHEMBL4860,PPP2R5A kinase
CHEMBL000512,CNc1cc2c(Nc3cccc(Br)c3)ncnc2cn1,361.76127055009005,6.441577929700385,nM,PPP2R5A,Q13362,CHEMBL4860,PPP2R5A kinase
CHEMBL000513,O=C(c1ccc(Cl)cc1)N1CCN(c2ncnc3ccccc23)CC1,3642.0465561272495,5.438654506937603,nM,PPP2R5A,Q13362,CHEMBL4860,PPP2R5A kinase
CHEMBL000514,Cc1ccc(-c2cc(NC(=O)c3ccc(CN4CCN(C)CC4)cc3)c(C)n2-c2ccc(F)cc2)cc1,1161.8685491260217,5.934843004147501,nM,PPP2R5A,Q13362,CHEMBL4860,PPP2R5A kinase
CHEMBL000515,COc1ccc(Nc2ncc3cc(-c4ccc(F)cc4)cc(=O)n3n2)cc1,11.665763326187422,7.9330868387386335,nM,PPP2R5A,Q13362,CHEMBL4860,PPP2R5A kinase
CHEMBL000516,O=C(/C=C/c1ccc(O)cc1)Nc1ccccc1,28.09468832844543,7.551375781436571,nM,PPP2R5A,Q13362,CHEMBL4860,PPP2R5A kinase
CHEMBL000517,Cc1ccc(S(=O)(=O)Nc2cccc(C(F)(F)F)c2)cc1,4638.022671287494,5.333667132802173,nM,PPP2R5A,Q13362,CHEMBL4860,PPP2R5A kinase
CHEMBL000518,CC(Nc1nc2ccccc2s1)c1ccccc1,112.46089666084595,6.948998458143839,nM,PPP2R5A,Q13362,CHEMBL4860,PPP2R5A kinase
CHEMBL000519,N#Cc1ccc(NC(=O)c2cc3cc(Cl)ccc3[nH]2)cc1,11.828217856986281,7.927080685057684,nM,PPP2R5A,Q13362,CHEMBL4860,PPP2R5A kinase
CHEMBL000520,COc1cc2ncnc(Nc3ccc(F)c(Cl)c3)c2cc1OCCCN1CCOCC1,50595.03744721738,4.295892078317943,nM,PPP2R5A,Q13362,CHEMBL4860,PPP2R5A kinase
CHEMBL000521,COc1cc2c(Nc3cccc(Br)c3)ncnc2cc1OCC,24.263849940969152,7.615040288569903,nM,PPP2R5A,Q13362,CHEMBL4860,PPP2R5A kinase
CHEMBL000522,CN(C)c1cc2c(Nc3cccc(Br)c3)ncnc2cn1,1562.9160044238386,5.80606436158123,nM,PPP2R5A,Q13362,CHEMBL4860,PPP2R5A kinase
CHEMBL000523,Brc1cccc(Nc2ncnc3cc4ccccc4cc23)c1,22.085233593421766,7.655898002889739,nM,PPP2R5A,Q13362,CHEMBL4860,PPP2R5A kinase
CHEMBL000524,CCOc1cc2ncnc(Nc3ccc(F)c(Cl)c3)c2cc1OCC,2212.52779276728,5.655111265186225,nM,PPP2R5A,Q13362,CHEMBL4860,PPP2R5A kinase
CHEMBL000525,Cc1cnc(Nc2cc(C(F)(F)F)cc(C3(N)CC3)c2)nc1,80783.5903365736,4.0926768490032215,nM,PPP2R5A,Q13362,CHEMBL4860,PPP2R5A kinase
CHEMBL000526,O=C(Nc1ccc2c(c1)OCCO2)c1ccc(Cl)cc1,43783.820717609975,4.358686343175256,nM,PPP2R5A,Q13362,CHEMBL4860,PPP2R5A kinase
CHEMBL000527,CS(=O)(=O)c1ccc(-c2nc3ccccc3s2)cc1,134.23710578970184,6.872127419992073,nM,PPP2R5A,Q13362,CHEMBL4860,PPP2R5A kinase
CHEMBL000528,CC1CCN(c2nc(Nc3ccc(F)c(Cl)c3)c3ncnc(N4CC4)c3n2)CC1,64.6273349815477,7.189583752582223,nM,PPP2R5A,Q13362,CHEMBL4860,PPP2R5A kinase
CHEMBL000529,c1ccc2c(c1)nc(Nc1ccc(F)c(Cl)c1)nc2N1CCCC1,3601.4296660051386,5.443525062343387,nM,PPP2R5A,Q13362,CHEMBL4860,PPP2R5A kinase
CHEMBL000530,CC(=O)Nc1ccc(-c2ccc3ncnc(Nc4cccc(Br)c4)c3c2)cc1,17.462696731625467,7.7578886881660605,nM,PPP2R5A,Q13362,CHEMBL4860,PPP2R5A kinase
CHEMBL000531,Brc1cccc(Nc2ncnc3cc4[nH]cnc4cc23)c1,49235.697346907466,4.30771990659656,nM,PPP2R5A,Q13362,CHEMBL4860,PPP2R5A kinase
CHEMBL000532,CNc1cc2c(Nc3cccc(Br)c3)ncnc2cn1,199.12220735651772,6.700880302029025,nM,PPP2R5A,Q13362,CHEMBL4860,PPP2R5A kinase
CHEMBL000533,O=C(c1ccc(Cl)cc1)N1CCN(c2ncnc3ccccc23)CC1,10387.817227087935,4.983475700356315,nM,PPP2R5A,Q13362,CHEMBL4860,PPP2R5A kinase
CHEMBL000534,Cc1ccc(-c2cc(NC(=O)c3ccc(CN4CCN(C)CC4)cc3)c(C)n2-c2ccc(F)cc2)cc1,1505.754472104979,5.822245838296761,nM,PPP2R5A,Q13362,CHEMBL4860,PPP2R5A kinase
CHEMBL000535,COc1ccc(Nc2ncc3cc(-c4ccc(F)cc4)cc(=O)n3n2)cc1,134.55566688265387,6.871098006974621,nM,PPP2R5A,Q13362,CHEMBL4860,PPP2R5A kinase
CHEMBL000536,O=C(/C=C/c1ccc(O)cc1)Nc1ccccc1,3094.710638894063,5.509379952074071,nM,PPP2R5A,Q13362,CHEMBL4860,PPP2R5A kinase
CHEMBL000537,Cc1ccc(S(=O)(=O)Nc2cccc(C(F)(F)F)c2)cc1,598.1819667843293,6.223166683655262,nM,PPP2R5A,Q13362,CHEMBL4860,PPP2R5A kinase
CHEMBL000538,CC(Nc1nc2ccccc2s1)c1ccccc1,4.904116586269788,8.30943921382166,nM,PPP2R5A,Q13362,CHEMBL4860,PPP2R5A kinase
CHEMBL000539,N#Cc1ccc(NC(=O)c2cc3cc(Cl)ccc3[nH]2)cc1,1162.3523668480996,5.934662195715276,nM,PPP2R5A,Q13362,CHEMBL4860,PPP2R5A kinase
CHEMBL000540,COc1cc2ncnc(Nc3ccc(F)c(Cl)c3)c2cc1OCCCN1CCOCC1,8.840194734761027,8.053538168097713,nM,PPP2R5A,Q13362,CHEMBL4860,PPP2R5A kinase
CHEMBL000541,COc1cc2c(Nc3cccc(Br)c3)ncnc2cc1OCC,7844.409951898117,5.105439718013573,nM,PPP2R5A,Q13362,CHEMBL4860,PPP2R5A kinase
CHEMBL000542,CN(C)c1cc2c(Nc3cccc(Br)c3)ncnc2cn1,25.426918623609115,7.594706266872924,nM,PPP2R5A,Q13362,CHEMBL4860,PPP2R5A kinase
CHEMBL000543,Brc1cccc(Nc2ncnc3cc4ccccc4cc23)c1,1.0905537337975373,8.96235293098685,nM,PPP2R5A,Q13362,CHEMBL4860,PPP2R5A kinase
CHEMBL000544,CCOc1cc2ncnc(Nc3ccc(F)c(Cl)c3)c2cc1OCC,808103.0579580767,3.092533249809066,nM,PPP2R5A,Q13362,CHEMBL4860,PPP2R5A kinase
CHEMBL000545,Cc1cnc(Nc2cc(C(F)(F)F)cc(C3(N)CC3)c2)nc1,2485.094357097657,5.604657116794285,nM,PPP2R5A,Q13362,CHEMBL4860,PPP2R5A kinase
CHEMBL000546,O=C(Nc1ccc2c(c1)OCCO2)c1ccc(Cl)cc1,21.596919486301108,7.66560819077081,nM,PPP2R5A,Q13362,CHEMBL4860,PPP2R5A kinase
CHEMBL000547,CS(=O)(=O)c1ccc(-c2nc3ccccc3s2)cc1,319.57152789673944,6.495431920935511,nM,PPP2R5A,Q13362,CHEMBL4860,PPP2R5A kinase
CHEMBL000548,CC1CCN(c2nc(Nc3ccc(F)c(Cl)c3)c3ncnc(N4CC4)c3n2)CC1,43.982629485958874,7.356718810056963,nM,PPP2R5A,Q13362,CHEMBL4860,PPP2R5A kinase
CHEMBL000549,c1ccc2c(c1)nc(Nc1ccc(F)c(Cl)c1)nc2N1CCCC1,1276.373503697287,5.894022219926269,nM,PPP2R5A,Q13362,CHEMBL4860,PPP2R5A kinase
CHEMBL000550,CC(=O)Nc1ccc(-c2ccc3ncnc(Nc4cccc(Br)c4)c3c2)cc1,117.52095684707517,6.92988468120935,nM,PPP2R5A,Q13362,CHEMBL4860,PPP2R5A kinase
CHEMBL000551,Brc1cccc(Nc2ncnc3cc4[nH]cnc4cc23)c1,271.3412698275628,6.566484146911881,nM,PPP2R5A,Q13362,CHEMBL4860,PPP2R5A kinase
CHEMBL000552,CNc1cc2c(Nc3cccc(Br)c3)ncnc2cn1,2.807546173622006,8.551673092489711,nM,PPP2R5A,Q13362,CHEMBL4860,PPP2R5A kinase
CHEMBL000553,O=C(c1ccc(Cl)cc1)N1CCN(c2ncnc3ccccc23)CC1,65.82164547931093,7.18163126495182,nM,PPP2R5A,Q13362,CHEMBL4860,PPP2R5A kinase
CHEMBL000554,Cc1ccc(-c2cc(NC(=O)c3ccc(CN4CCN(C)CC4)cc3)c(C)n2-c2ccc(F)cc2)cc1,49.385107889187,7.306403993112803,nM,PPP2R5A,Q13362,CHEMBL4860,PPP2R5A kinase
CHEMBL000555,COc1ccc(Nc2ncc3cc(-c4ccc(F)cc4)cc(=O)n3n2)cc1,657.3784290013206,6.182184550816299,nM,PPP2R5A,Q13362,CHEMBL4860,PPP2R5A kinase
CHEMBL000556,O=C(/C=C/c1ccc(O)cc1)Nc1ccccc1,853.9045665618168,6.06859066389126,nM,PPP2R5A,Q13362,CHEMBL4860,PPP2R5A kinase
CHEMBL000557,Cc1ccc(S(=O)(=O)Nc2cccc(C(F)(F)F)c2)cc1,706.0529659532556,6.151162718270569,nM,PPP2R5A,Q13362,CHEMBL4860,PPP2R5A kinase
CHEMBL000558,CC(Nc1nc2ccccc2s1)c1ccccc1,40.58091045414484,7.391678213567445,nM,PPP2R5A,Q13362,CHEMBL4860,PPP2R5A kinase
CHEMBL000559,N#Cc1ccc(NC(=O)c2cc3cc(Cl)ccc3[nH]2)cc1,678.3857571327441,6.168523278769605,nM,PPP2R5A,Q13362,CHEMBL4860,PPP2R5A kinase
CHEMBL000560,COc1cc2ncnc(Nc3ccc(F)c(Cl)c3)c2cc1OCCCN1CCOCC1,58.25560470132545,7.234662285344619,nM,PPP2R5A,Q13362,CHEMBL4860,PPP2R5A kinase
CHEMBL000561,COc1cc2c(Nc3cccc(Br)c3)ncnc2cc1OCC,0.12215149933227991,9.913101197968158,nM,PPP2R5A,Q13362,CHEMBL4860,PPP2R5A kinase
CHEMBL000562,CN(C)c1cc2c(Nc3cccc(Br)c3)ncnc2cn1,7.821912346084127,8.106687055147539,nM,PPP2R5A,Q13362,CHEMBL4860,PPP2R5A kinase
CHEMBL000563,Brc1cccc(Nc2ncnc3cc4ccccc4cc23)c1,488.69207726627,6.310964701748238,nM,PPP2R5A,Q13362,CHEMBL4860,PPP2R5A kinase
CHEMBL000564,CCOc1cc2ncnc(Nc3ccc(F)c(Cl)c3)c2cc1OCC,2.501376795737497,8.601820883245917,nM,PPP2R5A,Q13362,CHEMBL4860,PPP2R5A kinase
CHEMBL000565,Cc1cnc(Nc2cc(C(F)(F)F)cc(C3(N)CC3)c2)nc1,648.8033140086712,6.187886940467672,nM,PPP2R5A,Q13362,CHEMBL4860,PPP2R5A kinase
CHEMBL000566,O=C(Nc1ccc2c(c1)OCCO2)c1ccc(Cl)cc1,180795.16116891842,3.742813197233219,nM,PPP2R5A,Q13362,CHEMBL4860,PPP2R5A kinase
CHEMBL000567,CS(=O)(=O)c1ccc(-c2nc3ccccc3s2)cc1,5153.822609223772,5.287870533623893,nM,PPP2R5A,Q13362,CHEMBL4860,PPP2R5A kinase
CHEMBL000568,CC1CCN(c2nc(Nc3ccc(F)c(Cl)c3)c3ncnc(N4CC4)c3n2)CC1,101435.01121092298,3.993812118461216,nM,PPP2R5A,Q13362,CHEMBL4860,PPP2R5A kinase
CHEMBL000569,c1ccc2c(c1)nc(Nc1ccc(F)c(Cl)c1)nc2N1CCCC1,533.6668495906456,6.272729773938037,nM,PPP2R5A,Q13362,CHEMBL4860,PPP2R5A kinase
CHEMBL000570,CC(=O)Nc1ccc(-c2ccc3ncnc(Nc4cccc(Br)c4)c3c2)cc1,148.7210459715528,6.827627568784328,nM,PPP2R5A,Q13362,CHEMBL4860,PPP2R5A kinase
CHEMBL000571,Brc1cccc(Nc2ncnc3cc4[nH]cnc4cc23)c1,0.48455606249124694,9.314655968412923,nM,PPP2R5A,Q13362,CHEMBL4860,PPP2R5A kinase
CHEMBL000572,CNc1cc2c(Nc3cccc(Br)c3)ncnc2cn1,51.23997855999902,7.290391060646244,nM,PPP2R5A,Q13362,CHEMBL4860,PPP2R5A kinase
CHEMBL000573,O=C(c1ccc(Cl)cc1)N1CCN(c2ncnc3ccccc23)CC1,337.7931148504558,6.471349206786703,nM,PPP2R5A,Q13362,CHEMBL4860,PPP2R5A kinase
CHEMBL000574,Cc1ccc(-c2cc(NC(=O)c3ccc(CN4CCN(C)CC4)cc3)c(C)n2-c2ccc(F)cc2)cc1,9.034240094710889,8.044108371775234,nM,PPP2R5A,Q13362,CHEMBL4860,PPP2R5A kinase
CHEMBL000575,COc1ccc(Nc2ncc3cc(-c4ccc(F)cc4)cc(=O)n3n2)cc1,328626.78911371424,3.483297036488172,nM,PPP2R5A,Q13362,CHEMBL4860,PPP2R5A kinase
CHEMBL000576,O=C(/C=C/c1ccc(O)cc1)Nc1ccccc1,70.23897460675808,7.153421837162849,nM,PPP2R5A,Q13362,CHEMBL4860,PPP2R5A kinase
CHEMBL000577,Cc1ccc(S(=O)(=O)Nc2cccc(C(F)(F)F)c2)cc1,11.058652446146004,7.95629779083045,nM,PPP2R5A,Q13362,CHEMBL4860,PPP2R5A kinase
CHEMBL000578,CC(Nc1nc2ccccc2s1)c1ccccc1,26174.55872479206,4.582120631330238,nM,PPP2R5A,Q13362,CHEMBL4860,PPP2R5A kinase
CHEMBL000579,N#Cc1ccc(NC(=O)c2cc3cc(Cl)ccc3[nH]2)cc1,3.0504852907295152,8.515631064810393,nM,PPP2R5A,Q13362,CHEMBL4860,PPP2R5A kinase
CHEMBL000580,COc1cc2ncnc(Nc3ccc(F)c(Cl)c3)c2cc1OCCCN1CCOCC1,49.232896676203914,7.307744611241621,nM,PPP2R5A,Q13362,CHEMBL4860,PPP2R5A kinase
CHEMBL000581,COc1cc2c(Nc3cccc(Br)c3)ncnc2cc1OCC,665.1688008833434,6.177068129148798,nM,PPP2R5A,Q13362,CHEMBL4860,PPP2R5A kinase
CHEMBL000582,CN(C)c1cc2c(Nc3cccc(Br)c3)ncnc2cn1,17.81669727152204,7.749172799159427,nM,PPP2R5A,Q13362,CHEMBL4860,PPP2R5A kinase
CHEMBL000583,Brc1cccc(Nc2ncnc3cc4ccccc4cc23)c1,0.06222439938185496,10.206039286706593,nM,PPP2R5A,Q13362,CHEMBL4860,PPP2R5A kinase
CHEMBL000584,CCOc1cc2ncnc(Nc3ccc(F)c(Cl)c3)c2cc1OCC,84.56694023395517,7.072799382587743,nM,PPP2R5A,Q13362,CHEMBL4860,PPP2R5A kinase
CHEMBL000585,Cc1cnc(Nc2cc(C(F)(F)F)cc(C3(N)CC3)c2)nc1,67.24641253824298,7.172330879450504,nM,PPP2R5A,Q13362,CHEMBL4860,PPP2R5A kinase
CHEMBL000586,O=C(Nc1ccc2c(c1)OCCO2)c1ccc(Cl)cc1,774.5355380573658,6.110958650689634,nM,PPP2R5A,Q13362,CHEMBL4860,PPP2R5A kinase
CHEMBL000587,CS(=O)(=O)c1ccc(-c2nc3ccccc3s2)cc1,2983.778320921755,5.525233445802812,nM,PPP2R5A,Q13362,CHEMBL4860,PPP2R5A kinase
CHEMBL000588,CC1CCN(c2nc(Nc3ccc(F)c(Cl)c3)c3ncnc(N4CC4)c3n2)CC1,9.005260391698627,8.045503724816369,nM,PPP2R5A,Q13362,CHEMBL4860,PPP2R5A kinase
CHEMBL000589,c1ccc2c(c1)nc(Nc1ccc(F)c(Cl)c1)nc2N1CCCC1,3048.7775574507114,5.515874261136699,nM,PPP2R5A,Q13362,CHEMBL4860,PPP2R5A kinase
CHEMBL000590,CC(=O)Nc1ccc(-c2ccc3ncnc(Nc4cccc(Br)c4)c3c2)cc1,123.78004725935062,6.907349355829089,nM,PPP2R5A,Q13362,CHEMBL4860,PPP2R5A kinase
CHEMBL000591,Brc1cccc(Nc2ncnc3cc4[nH]cnc4cc23)c1,825.0612114714905,6.083513829852325,nM,PPP2R5A,Q13362,CHEMBL4860,PPP2R5A kinase
CHEMBL000592,CNc1cc2c(Nc3cccc(Br)c3)ncnc2cn1,30.306114616300732,7.518469738619587,nM,PPP2R5A,Q13362,CHEMBL4860,PPP2R5A kinase
CHEMBL000593,O=C(c1ccc(Cl)cc1)N1CCN(c2ncnc3ccccc23)CC1,50.06184394335732,7.300493157930422,nM,PPP2R5A,Q13362,CHEMBL4860,PPP2R5A kinase
CHEMBL000594,Cc1ccc(-c2cc(NC(=O)c3ccc(CN4CCN(C)CC4)cc3)c(C)n2-c2ccc(F)cc2)cc1,4.402405918028445,8.356309916386849,nM,PPP2R5A,Q13362,CHEMBL4860,PPP2R5A kinase
CHEMBL000595,COc1ccc(Nc2ncc3cc(-c4ccc(F)cc4)cc(=O)n3n2)cc1,922.6236827460264,6.03497540171788,nM,PPP2R5A,Q13362,CHEMBL4860,PPP2R5A kinase
CHEMBL000596,O=C(/C=C/c1ccc(O)cc1)Nc1ccccc1,402.54311496838403,6.395187597059943,nM,PPP2R5A,Q13362,CHEMBL4860,PPP2R5A kinase
CHEMBL000597,Cc1ccc(S(=O)(=O)Nc2cccc(C(F)(F)F)c2)cc1,4657.421821709518,5.331854426326538,nM,PPP2R5A,Q13362,CHEMBL4860,PPP2R5A kinase
CHEMBL000598,CC(Nc1nc2ccccc2s1)c1ccccc1,735.2582227189636,6.133560109885832,nM,PPP2R5A,Q13362,CHEMBL4860,PPP2R5A kinase
CHEMBL000599,N#Cc1ccc(NC(=O)c2cc3cc(Cl)ccc3[nH]2)cc1,43.057544631815794,7.365950739567278,nM,PPP2R5A,Q13362,CHEMBL4860,PPP2R5A kinase
